INSERT INTO page_titles (title_id, title_name, title_description, title_size) 
VALUES (1, 'SAKE BY THE GLASS', 'Region / Rice / SMV', '6 oz tokkuri'),
(2, 'SAKE BOTTLES', 'Region / Rice / SMV', '720 ML'),
(3, 'WINE BY THE GLASS', '', '5 oz pour'),
(4, 'WINE BOTTLES', '', '750 ML '),
(5, 'JAPANESE WHISKEY ウィスキー', '', '1.5 oz'),
(6, 'SHOCHU 焼酎', '', '2 oz'),
(7, 'SPIRITS', '', '1.5 oz'),
(8, 'SPECIALTY COCKTAILS', '', ''),
(9, 'BEER', '', ''),
(10, 'NON ALCOHOLIC', '', ''),
(11, 'DRINK SPECIALS', 'Limited Availability', ''),
(12, 'HAPPY HOUR', '', '');

INSERT INTO categories (category_id, category, category_description, title_id, page_number)
VALUES (1, 'HOUSE HOT SAKE', '', 1, 1),
(2, 'JUNMAI 純米/ HONJOZO 本醸造', 'Food friendly, solid, savory--cold, warm or hot', 1, 1),
(3, 'GINJO 吟醸 / JUNMAI GINJO 純米吟醸', 'Aromatic, smooth, balanced; excellent with sushi and light ippins', 1, 1),
(4, 'DAIGINJO 大吟醸 / JUNMAI DAIGINJO 純米大吟醸', 'High-toned, feather-light, seductive; perfect paired with sashimi and nigiri', 1, 1),
(5, 'NIGORI / CLOUDY にごり', 'Cloudy, textured, rich; pairs with maki, mochi', 1, 1),
(6, 'SEASONAL SAKE', '', 1, 1),
(7, 'SMALL', '', 2, 2),
(8, 'JUNMAI 純米/ HONJOZO 本醸造', 'Food friendly, solid, savory--cold, warm or hot ', 2, 2),
(9, 'GINJO 吟醸 / JUNMAI GINJO 純米吟醸', 'Aromatic, smooth, balanced; excellent with sushi and light ippins', 2, 3),
(10, 'JUNMAI DAIGINJO 純米大吟醸', 'Fragrant, light, fruity; pairs well with light dishes', 2, 3),
(11, 'DAIGINJO 大吟醸', 'High-toned, feather-light, seductive; perfect with sushi', 2, 3),
(12, 'NIGORI / CLOUDY にごり', 'Cloudy, textured, rich; pairs with maki, mochi', 2, 3),
(13, 'SPARKLING', '', 3, 4),
(14, 'WHITE', '', 3, 4),
(15, 'ROTATING ROSÉ', '', 3, 4),
(16, 'RED', '', 3, 4),
(17, 'SPARKLING', '', 4, 5),
(18, 'WHITE', '', 4, 5),
(19, 'ROSÉ', '', 4, 5),
(20, 'RED', '', 4, 5),
(21, 'JAPANESE WHISKEY ウィスキー', '', 5, 6),
(22, 'NIKKA JAPANESE WHISKY FLIGHT ', '.75 oz each ', 5, 6),
(23, 'SHOCHU 焼酎', '', 6, 7),
(24, 'Shochu Flight', '', 6, 7),
(25, 'WHISKEY ウィスキー', '', 7, 7),
(26, 'TEQUILA', '', 7, 7),
(27, 'VODKA', '', 7, 7),
(28, 'GIN', '', 7, 7),
(29, 'SPECIALTY COCKTAILS', '', 8, 0),
(30, 'DRAFT', '', 9, 0),
(31, 'BOTTLES AND CANS', '', 9, 0),
(32, 'WATER', '', 10, 0),
(33, 'TEA/SODA', '', 10, 0),
(34, 'SAKE', '', 11, -1),
(35, 'WHITE WINE', '', 11, -1),
(36, 'RED WINE', '', 11, -1);

INSERT INTO products (product_id, name, price, production_area, description, description2, category_id)
VALUES (1, 'HOUSE HOT SAKE', '12', 'California', 'Refreshing and light with a mellow finish', 'warm or hot', 1),
(2, 'Kasumi Tsuru “Extra Dry”', '17', 'Hyogo', 'Shiitake, dried fruit, crisp dry finish', '', 2),
(3, 'Miyasaka “Yawaraka” ', '16', 'Nagano', '', 'Light and sweet; raspberry, roses', 2),
(4, 'Genbei san no Onikoroshi', '14', 'Fushimi, Kyoto', 'Soft and smooth; tropical fruit, rice, dried flowers', '', 2),
(5, 'Kokuryu “Black Dragon”', '21', 'Fukui', 'Rich, soft, dynamic and very smooth', '', 3),
(6, 'Hakkaisan “Hakkai Mountain”', '21', 'Niigata', 'Clean, light, dry, flavorful ', '', 3),
(7, 'Konteki “Tears of Dawn”', '24', 'Fushimi, Kyoto', 'Floral, soft, honeydew, lemon zest; classic', '', 4),
(8, 'Dassai 50 “Otterfest”', '24', 'Yamaguchi', 'Creamy, semi-dry, lively', '', 4),
(9, 'Rihaku “Dreamy Clouds”', '22', 'Shimane', 'Light clouds, dry, lively, green apple, cashew', '', 5),
(10, 'Kamoizumi “Summer Snow”', '24', 'Hiroshima', 'Soft, tropical, dry, fresh', '', 5),
(11, 'Rotating Nama', '22', '', 'Fresh, unpasteurized sake released seasonally; typically bright, bold and distinctive. *ask your server for today’s selection', '', 6),
(12, 'Seasonal Sake Flight ', '22', '', 'Three different sakes that reflect the current season', '', 6),
(13, 'Kibo One Cup', '14', 'Iwate', 'Soft, mellow, slightly dry, hints of almonds', '', 7),
(14, 'Nanbu Bijin “Southern Beauty”', '40', 'Iwate', 'Tropical fruit, steamed rice, mineral; layered', '', 7),
(15, 'Taisetsu “Garden of the Divine”', '26', 'Hokkaido', 'Mellow, compact, and very fruity', '', 7),
(16, 'Kanbara “Bride of the Fox”', '32', 'Niigata', 'Nutty, round, dry; pairs well with salmon', '', 7),
(17, 'Kubota “Manju”', '68', 'Niigata', 'Benchmark Niigata style-- compact, dry, layered', '', 7),
(18, 'Dassai “23” “Otter Fest”', '82', 'Yamaguchi', 'Milled to 23%-- in a class by itself', '', 7),
(19, 'Kasumi Tsuru “Extra Dry”', '60', 'Hyogo', 'Rich, umami, silky smooth texture; crisp dry finish', '', 8),
(20, 'Choryo Omachi', 'Nara', '56', 'Soft, creamy; green apples, mandarin', '', 8),
(21, 'Eiko Fuji Honkara', '58', 'Yamagata', 'Green apple, wet concrete, marshmallow; very dry', '', 8),
(22, 'Kenbishi “Kuromatsu”', '78', 'Nada, Hyogo', 'Structured, spicy, intense, umami', '', 8),
(23, 'Yuki No Bosha', '80', 'Akita', 'Mellow, well balanced, honey, chestnuts', '', 8),
(24, 'Yoshinogawa “Winter Warrior“', '62', 'Niigata', 'Fragrant, fruity, light body, faint sweetness', '', 9),
(25, 'Maboroshi “Mystery“', '85', 'Hiroshima', 'Light, delicate, crisp, green apple', '', 9),
(26, 'Dewazakura “Izumi Judan Tenth Degree“', '75', 'Yamagata', 'Bone dry, herbaceous, green apple, minerals', '', 9),
(27, 'Hakkaisan “Eight Peaks“', '75', 'Fukui', 'Clean, light, dry, flavorful', '', 9),
(28, 'Fukuju “Happy Brewery“', '72', 'Kobe', 'Silky, fruity, minerals, elegant', '', 9),
(29, 'Watari Bune  55 ', '85', 'Ibaraki', 'Complex mix of umami, flowers, fruit; food-friendly', '', 9),
(30, 'Kamoizumi “Autumn Elixir“', '59', 'Hiroshima', 'Persimmon, caramel, shiitake, forest floor', '', 10),
(31, 'Tamanohikari', '85', 'Fushimi, Kyoto', 'Soft water + heirloom rice = fruity, rich; dry', '', 10),
(32, 'Takatenjin “Soul of the Sensei“', '100', 'Shizuoka', 'Floral nose, green apple; smooth and complex', '', 10),
(33, 'Nanbu Bijin “Shinpaku“', '85', 'Iwate', 'Fragrant; tropical fruit, mineral, lingering finish', '', 10),
(34, 'Dassai 50 “Otter Fest“', '87', 'Yamaguchi', 'Supple textured, loads of fruit, smooth', '', 10),
(35, 'Dassai 23 “Otter Fest“', '150', 'Yamaguchi', 'Milled to 23%-- in a class by itself', '', 10),
(36, 'Konteki “Tears of Dawn”', '84', 'Fushimi, Kyoto', 'Floral, soft, honeydew, lemon zest; classic', '', 11),
(37, 'Ken 2014', '125', 'Fukushima', 'Benchmark daiginjo', '', 11),
(38, 'Kamoizumi “Summer Snow“', '54', 'Hiroshima', 'Soft, tropical, dry, fresh', '', 12),
(39, 'Rihaku “Dreamy Clouds“', '67', 'Shimane', 'Light clouds, dry, lively, green apple, cashew', '', 12),
(40, 'Gruet', '13', 'Albuquerque, NM', 'Crisp, green apple, tropical fruit, lemon zest; fresh finish', '', 13),
(41, 'Sea Pearl', '13', 'Marlborough, NZ', 'Light bodied; refreshing, tropical and citrus', '', 14),
(42, 'Anne Amie', '13', 'Willamette Valley, OR', 'Textured, vibrant, refreshing', '', 14),
(43, 'Louis Jadot Steel', '14', 'Appellation Bourgogne Contrôlée', 'Well balanced; mineral, grapefruit, apricot white flower.', '', 14),
(44, 'Ask your server for today’s selection!', '12', '', '', '', 15),
(45, 'Raconteur', '13', 'Columbia Valley, WA', 'Bing cherry, currant; rich and balanced', '', 16),
(46, 'Battle Creek “Unconditional”', '13', 'OR', 'Roses, bright cherry, fresh soil; silky', '', 16),
(47, 'Ellner', '63', 'Epernay, Champagne, FR', 'Fresh, mineral, toast, layered', '', 17),
(48, 'Taittinger', '200', 'Reims, Champagne, FR', 'Fruity, full-bodied, golden peach', '', 17),
(49, 'Krug', '250', 'Reims, Champagne, FR', 'Gold-standard non-vintage Champagne', '', 17),
(50, 'Huet ‘Le Haut Lieu’ Demi-Sec', '105', 'Vouvray, FR', 'Savory apple, spice, dried flowers, mineral; off-dry', '', 18),
(51, 'Domaine Bernard Defaix', '90', 'Burgundy, FR', 'Concentrated; citrus, white peach, apricot', '1er Cru Côte de Léchet Reserve', 18),
(52, 'Domaine d’Henri', '95', '“L’Homme Mort” 1er, Chablis, FR', 'Pure with a touch of barrel-aged complexity', '', 18),
(53, 'Pierre Sparr', '48', 'Pierre Sparr', 'Notes of cherry blossoms, fresh, elegant, well balanced', '', 18),
(54, 'Canoe Ridge “Canyon Vineyard Ranch', '45', 'Yakima, WA', 'Fresh, lightweight', '', 19),
(55, 'Masi Agricola Rosa dei Masi', '40', 'Veneto, IT', 'Soft, well-balanced, lively, refreshing acidity', '', 19),
(56, 'Cristom “Mt Jefferson Cuvee”', '75', 'Willamette Valley, OR', 'Ripe, red fruit, fresh flowers, soil; modest oak', '', 20),
(57, 'Alder Ridge', '70', 'Horse Heaven Hills, WA', 'Bing cherry, mineral, white pepper; balanced', 'Restaurant unique - Not available in stores', 20),
(58, 'Altocedro “Reserva”', '70', 'Uco Valley, Mendoza, Argentina', 'Vanilla, spice, blackberry; full-body with grace', '', 20),
(59, 'Trinchero', '125', 'Napa Valley', 'Layered; spiced ripe plum, cassis, smooth and voluptuous', '', 20),
(60, 'Château Du Moulin À Vent', '100', 'Burgundy, FR', 'Rich Complex, floral notes, red and black fruits, hint of spice', '', 20),
(61, 'Guigal Saintes Pierres de Nalys', '130', 'Châteauneuf-du-Pape, FR', 'Hint of stone fruit, full bodied, ripe cherries, supple tannins', '', 20),
(62, 'Hibiki “Harmony”', '17', 'Japan', 'Honey-like, candied orange peel, long finish', 'Blended', 21),
(63, 'Yamazaki 12yr', '35', 'Osaka', 'Classic, round, succulent', 'Single Malt', 21),
(64, 'Yamazaki 18yr Mizunara Cask', '200', 'Osaka', 'Rare, luxurious, Mizunara Aged', 'Single Malt', 21),
(65, 'Hakushu 12yr', '37', 'Yamanashi', 'Fresh, herbal, smokey', 'Single Malt', 21),
(66, 'Hakushu 18yr', '65', 'Yamanashi', 'Silky, floral, pleasant smoke', 'Single Malt', 21),
(67, 'Nikka “Yoichi“', '26', 'Hokkaido', 'Balanced peat, briny, creamy', 'Single Malt', 21),
(68, 'Nikka “Miyagikyo“', '26', 'Miyagi', 'Fruity, mild peat, sherry touch', 'Single Malt', 21),
(69, 'Nikka “Taketsuru“ 17yr', '40', 'Japan', 'Mellow, subtle peat; fruit and cocoa', 'Pure Malt', 21),
(70, 'Nikka “Taketsuru“ 21yr', '50', 'Japan', 'Rich, spices, coffee, and oak', 'Pure Malt', 21),
(71, 'Nikka “Coffey Grain“', '18', 'Miyagi', 'Bourbon-like, fresh, vanilla, vibrant', 'Grain', 21),
(72, 'Nikka “Coffey Malt“', '18', 'Miyagi', 'Round, flavourful, caramel', '', 21),
(73, 'Mars Iwai “Komagatake Rindo“', '45', 'Nagano', 'Earthy, sweet spices, sherry forefront', 'Single Malt', 21),
(74, 'Ichiro’s “Malt & Grain“', '22', 'International', 'Worldwide blended, toffee malt, tropical fruit ', 'Blended', 21),
(75, 'Ichiro’s Malt “The Floor Malted“', '40', 'Saitama', 'Nutty, woody, coffee bean bite', 'Single Malt', 21),
(76, 'Ichiro’s Malt “On the Way“', '39', 'Saitama', 'Orchard fruit, soft toffee, spicy touch', 'Single Malt', 21),
(77, 'Three unique tastings', '32', '', '', '', 22),
(78, 'Kakushigura', '12', 'Kagoshima', '24% abv  Lightweight oak aged; refined', 'Mugi', 23),
(79, 'Kawabe', '14', 'Kagoshima', '25% abv  Ginjo-like fragrance, soft texture, mineral', 'Kome', 23),
(80, 'Kuro Kirishima', '12', 'Miyazaki', '24% abv  Lean & spicy--classic Imo style', 'Imo', 23),
(81, 'Satsuma Shiranami', '11', 'Kagoshima', '24% abv  sweet and round start with a dry spicy finish', 'Imo', 23),
(82, 'Sato', '11', 'Kagoshima', '25% abv  spicy; green apple and steamed rice', 'Imo, Kome', 23),
(83, 'Three unique varieties of Shochu tastings', '16', '', '', '', 24),
(84, 'Four Roses Single Batch', '11', 'KY', 'Straight Bourbon', '', 25),
(85, 'Angel’s Envy “Port Finished“ ', '13', 'KY', 'Straight Bourbon', '', 25),
(86, 'Templeton 6yr', '11', 'IA', 'Straight Rye', '', 25),
(87, 'Tequila Ocho', '16', 'Arandas, Jalisco', '“La Magueyera”', 'Blanco', 26),
(88, 'TIto’s', '10', 'Austin, TX', '', 'Corn', 27),
(90, 'Grey Goose', '11', 'France', '', 'Wheat', 27),
(91, 'Nikka Coffey', '14', 'Japan', '', 'Japanese Vodka', 27),
(92, 'Bainbridge Island', '12', 'Bainbridge, WA', '', 'Vodka', 27),
(93, 'Bombay Sapphire', '10', 'England', '', 'London Dry', 28),
(94, 'Hendrick’s', '10', 'Scotland', '', 'London Dry', 28),
(95, 'Nikka Coffey', '14', 'Japan', '', 'Japanese Gin', 28),
(96, 'Shiso Mojito', '12', '', 'A Japanese-style Mojito: Vodka, simple, muddled shiso, fresh lime juice', '', 29),
(97, 'Lychee Martini', '12', '', 'Vodka, Lychee juice, fresh lime juice', '', 29),
(98, 'Satsuma Margarita', '12', '', 'Imo Shochu, Ferrand Dry-Curacao, Blue Agave, Fresh Lime juice & Black Hawaiian Sea Salt', '', 29),
(99, 'Toki Boulevard', '14', '', 'Toki Japanese Whiskey, Honjozo, Campari, Carpano Antica Formula; brandied cherry', '', 29),
(100, 'Toki Highball', '14', '', 'Toki Japanese Whiskey, Soda', '', 29),
(101, 'Sapporo', '7', '', '16 oz', '', 30),
(102, 'Manny’s Pale Ale', '7', '', 'Georgetown Brewery; Seattle, WA 16oz', '', 30),
(103, 'Asahi “Super Dry”', '11', '', 'Tokyo, Japan  21.4oz bottle', '', 31),
(104, 'Echigo ‘Koshihikari’ Rice Lager', '11', '', 'Niigata, Japan 11.8oz Can', '', 31),
(105, 'Echigo ‘Koshihikari’ Red Ale', '11', '', 'Niigata, Japan', '', 31),
(106, 'Echigo ‘Flying IPA’', '11', '', 'Niigata, Japan', '', 31),
(107, 'Rogers Pilsner', '7', '', 'Seattle, WA', '', 31),
(108, 'Perrier Sparkling Mineral Water', '8', '', 'Vergeze, France 750ml', '', 32),
(109, 'Yuzu Ginger Tea (Hot/Iced)', '5', '', '', '', 33),
(110, 'Oolong Tea (Hot)', '4', '', '', '', 33),
(111, 'Lychee Limeade', '4', '', '', '', 33),
(112, 'Calpico & Soda', '4', '', '', '', 33),
(113, 'Cock’n Bull Ginger Beer', '6', '', '', '', 33),
(114, 'Coke/Diet/Sprite/Soda/Tonic', '4', '', '', '', 33),
(115, 'Enter Sake “Revolutions”', '180', '', 'Yamaguchi / Yamadanishiki / +5', 'Layers of fruit, compact, floral, seductive', 34),
(116, 'Jean-Luc Colombo', '42', '', '“La Redonne” Viognier-blend', 'Cotes du Rhone, FR 2015', 35),
(117, 'JB Becker Spatlese', '105', 'Riesling', '‘Wallufer Walkenberg’ Rheingau, GE 1993', 'Full-body bruised apple, pineapple, exotic', 35),
(118, 'Loimer Langenlois', '51', 'Grüner Veltliner', 'Kamptal DAC 2015', '', 35),
(119, 'Orr “Old Vine”', '56', 'Chenin Blanc', 'Columbia Valley, WA 2016', 'Erica Orr’s stunning take on Loire Chenin Blanc', 35),
(120, 'Cadaretta “SBS”', '53', 'Sauvignon Blanc ', 'Columbia Valley, WA   2013', 'Voluptuous; jalapeño, citrus and herb', 35),
(121, 'Château Simone Rouge', '180', '', 'Provence, FR 2009', 'Rich & Intense; Southern Rhone blend', 36);

INSERT INTO sakes (sake_id, grade, rice, sweetness, product_id)
VALUES (1, 'Futsushu', 'Calrose', '+4', 1),
(2, 'Junmai', 'Gohyakumangoku', '+5', 2),
(3, 'Junmai', 'Miyamanishiki, Hitogokochi', '-4', 3),
(4, 'Honjozo', 'Nihonbare', '+5', 4),
(5, 'Junmai Ginjo', 'Gohyakumangoku', '+3.5', 5),
(6, 'Junmai Ginjo', 'Yamadanishiki', '+4', 6),
(7, 'Daiginjo', 'Yamadanishiki', '+2', 7),
(8, 'Junmai Daiginjo', 'Yamadanishiki', '+3', 8),
(9, 'Tokubetsu Junmai', 'Gohyakumangoku', '+3', 9),
(10, 'Ginjo', 'Hiroshima Hattan, Nakate Shinsenbon', '+1', 10),
(11, '(6 oz tokkuri) ', '', '', 11),
(12, '2 oz each', '', '', 12),
(13, 'Junmai', 'Hitomebore', '+2', 13),
(14, 'Tokubetsu Junmai', 'Ginotome', '+5', 14),
(15, 'Junmai Ginjo', 'Ginpu', '+3', 15),
(16, 'Junmai Ginjo', 'Gohyakumangoku', '+3', 16),
(17, 'Junmai Daiinjo', 'Gohyakumangoku', '+2', 17),
(18, 'Junmai Daiinjo', 'Yamadanishiki', '+4', 18),
(19, 'Kimoto', 'Gohyakumangoku', '+5', 19),
(20, 'Tokubetsu Junmai', 'Omachi', '+2.5', 20),
(21, 'Honjozo Karakuchi', 'Haenuki', '+10', 21),
(22, 'Yamahai', 'Aiyama, Yamadanishiki', '+0.5', 22),
(23, 'Yamahai', 'Yamadanishiki', '+1', 23),
(24, '', 'Gohyakumangoku', '+5', 24),
(25, 'Yamahai', 'Hattan Nishiki', '+3', 25),
(26, '', 'Dewasansan, Haenuki ', '+10', 26),
(27, '', 'Yamadanishiki, Gohyakumangoku, Miyamanishiki', '+4', 27),
(28, '', 'Yumenishiki ', '+2', 28),
(29, 'Muroka Namachozo', ' Watari Bune ', '+3', 29),
(30, '', 'Yamadanishiki', '+1.5', 30),
(31, '', 'Omachi', '+5', 31),
(32, '', 'Yamadanishiki', '+5', 32),
(33, '', 'Yamadanishiki', '+0', 33),
(34, '', 'Yamadanishiki', '+3', 34),
(35, '', 'Yamadanishiki', '+4', 35),
(36, '', 'Yamadanishiki', '+2', 36),
(37, '', 'Yamadanishiki', '+3', 37),
(38, '', 'Hattan, Nakate Shinsenbon ', '+1', 38),
(39, '', 'Gohyakumangoku', '+3', 39);

INSERT INTO wines (wine_id, type, year, product_id)
VALUES (1, 'Blanc de Blancs', '', 40),
(2, 'Sauvignon Blanc', '2018', 41),
(3, 'Pinot Gris', '2015', 42),
(4, 'Chardonnay Unoaked', '2015', 43),
(5, '', '', 44),
(6, 'Red Blend', '2014', 45),
(7, 'Pinot Noir', '2015', 46),
(8, 'Carte Blanche', '', 47),
(9, 'Folies de la Marquetterio', '', 48),
(10, 'Grand Cuvée ', '', 49),
(11, 'Chenin Blanc ', '2016', 50),
(12, 'Chablis', '2015', 51),
(13, 'Chardonnay', '2014', 52),
(14, 'Riesling', '2016', 53),
(15, 'Cinsault', '2016', 54),
(16, 'Refosco', '2016', 55),
(17, 'Pinot Noir', '2015', 56),
(18, 'Cabernet Sauvignon', '2014', 57),
(19, 'Malbec', '2013', 58),
(20, 'Forte Red Blend', '2013', 59),
(21, 'Gamay Noir', '2011', 60),
(22, 'Châteauneuf-du-Pape', '2016', 61);

INSERT INTO bottles (bottle_id, size, second_price, sake_id, wine_id)
VALUES (1, '180', NULL, 13, NULL),
(2, '300', NULL, 14, NULL),
(3, '300', NULL, 15, NULL),
(4, '300', NULL, 16, NULL),
(5, '300', NULL, 17, NULL),
(6, '300', NULL, 18, NULL),
(7, '900', NULL, 22, NULL);




